{"mean":{"confidence_interval":{"confidence_level":0.95,"lower_bound":227.23328891536303,"upper_bound":233.4963637213465},"point_estimate":230.16984489476454,"standard_error":1.6000698271253997},"median":{"confidence_interval":{"confidence_level":0.95,"lower_bound":223.3585445140897,"upper_bound":225.58525136094966},"point_estimate":224.64949042770075,"standard_error":0.5143789498796177},"median_abs_dev":{"confidence_interval":{"confidence_level":0.95,"lower_bound":4.169716051160403,"upper_bound":7.303724423797854},"point_estimate":5.550190534366124,"standard_error":0.8062318002096546},"slope":{"confidence_interval":{"confidence_level":0.95,"lower_bound":226.79561208682125,"upper_bound":233.5662709367876},"point_estimate":229.8487872919979,"standard_error":1.7329297353038757},"std_dev":{"confidence_interval":{"confidence_level":0.95,"lower_bound":11.27233877267528,"upper_bound":20.278443387854637},"point_estimate":16.15274837093033,"standard_error":2.306332112288214}}