{"mean":{"confidence_interval":{"confidence_level":0.95,"lower_bound":3009628.8731527776,"upper_bound":3174552.671513889},"point_estimate":3086546.0972222215,"standard_error":42187.58872821948},"median":{"confidence_interval":{"confidence_level":0.95,"lower_bound":2872316.6666666665,"upper_bound":2953527.722222222},"point_estimate":2901944.416666667,"standard_error":21557.43976310031},"median_abs_dev":{"confidence_interval":{"confidence_level":0.95,"lower_bound":87811.1017743746,"upper_bound":199772.66473207582},"point_estimate":121560.80165853153,"standard_error":29607.759796516963},"slope":null,"std_dev":{"confidence_interval":{"confidence_level":0.95,"lower_bound":297171.84496605134,"upper_bound":554954.4291610244},"point_estimate":423842.0551055154,"standard_error":67669.93261194818}}