{"mean":{"confidence_interval":{"confidence_level":0.95,"lower_bound":122049831.60625,"upper_bound":123614799.84525},"point_estimate":122793817.3,"standard_error":399517.99979648873},"median":{"confidence_interval":{"confidence_level":0.95,"lower_bound":120992707.0,"upper_bound":122820107.0},"point_estimate":121916013.0,"standard_error":509121.92297824065},"median_abs_dev":{"confidence_interval":{"confidence_level":0.95,"lower_bound":2435693.8145577908,"upper_bound":4177239.121356678},"point_estimate":3395451.942318678,"standard_error":438445.2897174085},"slope":null,"std_dev":{"confidence_interval":{"confidence_level":0.95,"lower_bound":2988887.592111826,"upper_bound":5069681.440712361},"point_estimate":4025556.192523596,"standard_error":539861.3614728245}}